Argentina,Cordoba,Academia Arguello SA,2020-9-25
Argentina,Cordoba,Academia Arguello SA,2020-10-10
Argentina,Cordoba,Academia Arguello SA,2020-11-6
Argentina,Cordoba,Academia Arguello SA,2020-12-04
Argentina,Cordoba,Academia Arguello SA,2020-12-18
Australia,Sydney,"Greenwich English College, Ultimo",2020-8-8
Australia,Sydney,"Greenwich English College, Ultimo",2020-9-12
Australia,Sydney,"Greenwich English College, Ultimo",2020-10-24
Australia,Sydney,"Greenwich English College, Ultimo",2020-11-21
Australia,Sydney,"Greenwich English College, Ultimo",2020-12-19
Australia,Newcastle,Hunter TAFE Newcastle English Language Centre,2020-9-26
Australia,Newcastle,Hunter TAFE Newcastle English Language Centre,2020-11-7
Australia,Newcastle,Hunter TAFE Newcastle English Language Centre,2020-12-5
Australia,Newcastle,Hunter TAFE Newcastle English Language Centre,2020-12-19
Australia,Sydney,MP Testing Services Sydney,2020-8-8
Australia,Sydney,MP Testing Services Sydney,2020-8-22
Australia,Sydney,MP Testing Services Sydney,2020-9-12
Australia,Sydney,MP Testing Services Sydney,2020-9-26
Australia,Sydney,MP Testing Services Sydney,2020-10-11
Australia,Sydney,MP Testing Services Sydney,2020-10-24
Australia,Sydney,Navitas Sydney,2020-8-22
Australia,Sydney,Navitas Sydney,2020-9-26
Australia,Sydney,Navitas Sydney,2020-10-24
Australia,Sydney,Navitas Sydney,2020-11-7
Australia,Sydney,Navitas Sydney,2020-12-5
Australia,Armidale,"UNE, English Language Centre",2020-8-8
Australia,Sydney,Western Sydney University: The College,2020-8-8
Australia,Sydney,Western Sydney University: The College,2020-8-22
Australia,Sydney,Western Sydney University: The College,2020-9-12
Australia,Sydney,Western Sydney University: The College,2020-9-26
Australia,Sydney,Western Sydney University: The College,2020-10-11
Australia,Sydney,Western Sydney University: The College,2020-10-24
Australia,Maroochydore,Lexis English Maroochydore,2020-8-22
Australia,Brisbane,Navitas Brisbane,2020-8-8
Australia,Brisbane,Navitas Brisbane,2020-8-22
Australia,Brisbane,Navitas Brisbane,2020-9-26
Australia,Brisbane,Navitas Brisbane,2020-10-24
Australia,Brisbane,Navitas Brisbane,2020-11-7
Australia,Brisbane,Navitas Brisbane,2020-12-5
Australia,St Lucia,ICTE-UQ,2020-8-8
Australia,St Lucia,ICTE-UQ,2020-9-12
Australia,St Lucia,ICTE-UQ,2020-10-11
Australia,St Lucia,ICTE-UQ,2020-11-21
Australia,Adelaide,Navitas Adelaide,2020-8-22
Australia,Adelaide,Navitas Adelaide,2020-9-26
Australia,Adelaide,Navitas Adelaide,2020-10-24
Australia,Adelaide,Navitas Adelaide,2020-11-7
Australia,Adelaide,Navitas Adelaide,2020-12-5
Australia,Adelaide,Navitas Adelaide,2020-12-19
Australia,Adelaide,PEAR Academy Australia,2020-8-8
Australia,Adelaide,PEAR Academy Australia,2020-8-22
Australia,Adelaide,PEAR Academy Australia,2020-9-12
Australia,Adelaide,PEAR Academy Australia,2020-9-26
Australia,Adelaide,PEAR Academy Australia,2020-10-11
Australia,Adelaide,PEAR Academy Australia,2020-10-24
Australia,Launceston,UTAS English Language Centre,2020-8-22
Australia,Launceston,UTAS English Language Centre,2020-9-26
Australia,Launceston,UTAS English Language Centre,2020-10-24
Australia,Launceston,UTAS English Language Centre,2020-11-7
Australia,Launceston,UTAS English Language Centre,2020-12-5
Australia,Melbourne,"Greenwich English College, Melbourne",2020-9-26
Australia,Melbourne,"Greenwich English College, Melbourne",2020-10-11
Australia,Melbourne,"Greenwich English College, Melbourne",2020-10-24
Australia,Melbourne,"Greenwich English College, Melbourne",2020-11-7
Australia,Melbourne,"Greenwich English College, Melbourne",2020-11-21
Australia,Melbourne,"Greenwich English College, Melbourne",2020-12-5
Australia,Melbourne,Discover English Exam Centre,2020-9-26
Australia,Melbourne,Discover English Exam Centre,2020-10-11
Australia,Melbourne,Discover English Exam Centre,2020-10-24
Australia,Melbourne,Discover English Exam Centre,2020-11-7
Australia,Melbourne,Discover English Exam Centre,2020-11-21
Australia,Melbourne,Discover English Exam Centre,2020-12-5
Australia,Dandenong,Lawson College Australia,2020-9-26
Australia,Dandenong,Lawson College Australia,2020-10-24
Australia,Dandenong,Lawson College Australia,2020-11-7
Australia,Dandenong,Lawson College Australia,2020-12-5
Australia,Northbridge,Navitas Perth,2020-8-8
Australia,Northbridge,Navitas Perth,2020-8-22
Australia,Northbridge,Navitas Perth,2020-9-12
Australia,Northbridge,Navitas Perth,2020-9-26
Australia,Northbridge,Navitas Perth,2020-10-11
Australia,Northbridge,Navitas Perth,2020-10-24
Australia,Perth,North Metropolitan TAFE,2020-8-22
Australia,Perth,North Metropolitan TAFE,2020-9-26
Australia,Perth,North Metropolitan TAFE,2020-11-7
Australia,Perth,North Metropolitan TAFE,2020-12-5
Bangladesh,Dhaka,"Futureed Corporation, Dhaka",2020-8-8
Bangladesh,Dhaka,"Futureed Corporation, Dhaka",2020-8-22
Bangladesh,Dhaka,"Futureed Corporation, Dhaka",2020-9-12
Bangladesh,Dhaka,"Futureed Corporation, Dhaka",2020-9-26
Bangladesh,Dhaka,"Futureed Corporation, Dhaka",2020-10-11
Bangladesh,Dhaka,"Futureed Corporation, Dhaka",2020-10-24
Canada,Montreal,ILSC Montreal,2020-8-7
Canada,Montreal,ILSC Montreal,2020-8-21
Canada,Montreal,ILSC Montreal,2020-9-11
Canada,Montreal,ILSC Montreal,2020-9-25
Canada,Montreal,ILSC Montreal,2020-10-10
Canada,Montreal,ILSC Montreal,2020-10-23
Canada,Toronto,CES Toronto,2020-8-7
Canada,Toronto,CES Toronto,2020-8-21
Canada,Toronto,CES Toronto,2020-9-11
Canada,Toronto,CES Toronto,2020-9-25
Canada,Toronto,CES Toronto,2020-10-23
Canada,Toronto,CES Toronto,2020-11-6
Canada,Vancouver,Oxford International Vancouver,2020-8-7
Canada,Vancouver,Oxford International Vancouver,2020-8-21
Canada,Vancouver,Oxford International Vancouver,2020-9-11
Canada,Vancouver,Oxford International Vancouver,2020-9-25
Canada,Vancouver,Oxford International Vancouver,2020-10-10
Canada,Vancouver,Oxford International Vancouver,2020-10-23
Chile,Vina Del Mar,Instituto Chile Britanico de Cultura,2020-9-25
Chile,Vina Del Mar,Instituto Chile Britanico de Cultura,2020-10-23
Chile,Vina Del Mar,Instituto Chile Britanico de Cultura,2020-11-6
Chile,Vina Del Mar,Instituto Chile Britanico de Cultura,2020-12-18
Costa Rica,San Jose,"BritEd, Costa Rica",2020-8-7
Costa Rica,San Jose,"BritEd, Costa Rica",2020-9-11
Costa Rica,San Jose,"BritEd, Costa Rica",2020-9-25
Costa Rica,San Jose,"BritEd, Costa Rica",2020-10-10
Costa Rica,San Jose,"BritEd, Costa Rica",2020-10-23
Costa Rica,San Jose,"BritEd, Costa Rica",2020-11-6
Egypt,Alexandria,"IEC-AASTMT, Alexandria",2020-8-8
Egypt,Alexandria,"IEC-AASTMT, Alexandria",2020-8-22
Egypt,Alexandria,"IEC-AASTMT, Alexandria",2020-9-12
Egypt,Alexandria,"IEC-AASTMT, Alexandria",2020-9-26
Egypt,Alexandria,"IEC-AASTMT, Alexandria",2020-10-24
Egypt,Alexandria,"IEC-AASTMT, Alexandria",2020-11-7
Egypt,Cairo,"Future University, Cairo",2020-8-8
Egypt,Cairo,"Future University, Cairo",2020-8-22
Egypt,Cairo,"Future University, Cairo",2020-9-12
Egypt,Cairo,"Future University, Cairo",2020-9-26
Egypt,Cairo,"Future University, Cairo",2020-10-11
Egypt,Cairo,"Future University, Cairo",2020-10-24
Egypt,Cairo,IEC-AASTMT-Smart Village,2020-8-8
Egypt,Cairo,IEC-AASTMT-Smart Village,2020-8-22
Egypt,Cairo,IEC-AASTMT-Smart Village,2020-9-12
Egypt,Cairo,IEC-AASTMT-Smart Village,2020-9-26
Egypt,Cairo,IEC-AASTMT-Smart Village,2020-10-24
Egypt,Cairo,IEC-AASTMT-Smart Village,2020-11-7
Fiji,Suva,"Cambridge Examinations, Fiji",2020-8-22
Fiji,Suva,"Cambridge Examinations, Fiji",2020-9-26
Fiji,Suva,"Cambridge Examinations, Fiji",2020-10-24
Fiji,Suva,"Cambridge Examinations, Fiji",2020-11-7
Fiji,Suva,"Cambridge Examinations, Fiji",2020-12-5
Germany,Oldenburg,Academy of English,2020-8-8
Germany,Oldenburg,Academy of English,2020-8-22
Germany,Oldenburg,Academy of English,2020-9-12
Germany,Oldenburg,Academy of English,2020-10-11
Germany,Oldenburg,Academy of English,2020-10-24
Germany,Oldenburg,Academy of English,2020-11-7
Greece,Athens,"Hellenic English Council, Athens, Greece",2020-8-8
Greece,Athens,"Hellenic English Council, Athens, Greece",2020-8-22
Greece,Athens,"Hellenic English Council, Athens, Greece",2020-9-12
Greece,Athens,"Hellenic English Council, Athens, Greece",2020-9-26
Greece,Athens,"Hellenic English Council, Athens, Greece",2020-10-11
Greece,Athens,"Hellenic English Council, Athens, Greece",2020-10-24
Hong Kong,Hong Kong City,GPEX Hong Kong,2020-9-12
Hong Kong,Hong Kong City,GPEX Hong Kong,2020-9-26
Hong Kong,Hong Kong City,GPEX Hong Kong,2020-10-11
Hong Kong,Hong Kong City,GPEX Hong Kong,2020-10-24
Hong Kong,Hong Kong City,GPEX Hong Kong,2020-11-7
Hong Kong,Hong Kong City,GPEX Hong Kong,2020-11-21
Hong Kong,Hong KongHong Kong City,Hong Kong Examinations and Assessment Authority,2020-9-26
Hong Kong,Hong KongHong Kong City,Hong Kong Examinations and Assessment Authority,2020-10-11
Hong Kong,Hong KongHong Kong City,Hong Kong Examinations and Assessment Authority,2020-11-7
India,Ahmedabad,"Planet EDU, Ahmedabad",2020-9-12
India,Ahmedabad,"Planet EDU, Ahmedabad",2020-9-26
India,Ahmedabad,"Planet EDU, Ahmedabad",2020-10-11
India,Ahmedabad,"Planet EDU, Ahmedabad",2020-10-24
India,Ahmedabad,"Planet EDU, Ahmedabad",2020-11-7
India,Ahmedabad,"Planet EDU, Ahmedabad",2020-11-21
India,Amritsar,"Planet EDU, Amritsar",2020-9-12
India,Amritsar,"Planet EDU, Amritsar",2020-9-26
India,Amritsar,"Planet EDU, Amritsar",2020-10-11
India,Amritsar,"Planet EDU, Amritsar",2020-10-24
India,Amritsar,"Planet EDU, Amritsar",2020-11-7
India,Amritsar,"Planet EDU, Amritsar",2020-11-21
India,Bangalore,PEAR Academy Bangalore,2020-8-8
India,Bangalore,PEAR Academy Bangalore,2020-8-22
India,Bangalore,PEAR Academy Bangalore,2020-9-12
India,Bangalore,PEAR Academy Bangalore,2020-9-26
India,Bangalore,PEAR Academy Bangalore,2020-10-11
India,Bangalore,PEAR Academy Bangalore,2020-10-24
India,Bangalore,"Planet EDU, Bangalore",2020-8-8
India,Bangalore,"Planet EDU, Bangalore",2020-8-22
India,Bangalore,"Planet EDU, Bangalore",2020-9-12
India,Bangalore,"Planet EDU, Bangalore",2020-9-26
India,Bangalore,"Planet EDU, Bangalore",2020-10-11
India,Bangalore,"Planet EDU, Bangalore",2020-10-24
India,Chandigarh,"Planet EDU, Chandigarh",2020-9-12
India,Chandigarh,"Planet EDU, Chandigarh",2020-9-26
India,Chandigarh,"Planet EDU, Chandigarh",2020-10-11
India,Chandigarh,"Planet EDU, Chandigarh",2020-10-24
India,Chandigarh,"Planet EDU, Chandigarh",2020-11-7
India,Chandigarh,"Planet EDU, Chandigarh",2020-11-21
India,Chennai,EBEK Chennai,2020-9-12
India,Chennai,EBEK Chennai,2020-9-26
India,Chennai,EBEK Chennai,2020-10-11
India,Chennai,EBEK Chennai,2020-10-24
India,Chennai,EBEK Chennai,2020-11-7
India,Chennai,EBEK Chennai,2020-11-21
India,Chennai,"Planet EDU, Chennai",2020-9-12
India,Chennai,"Planet EDU, Chennai",2020-9-26
India,Chennai,"Planet EDU, Chennai",2020-10-11
India,Chennai,"Planet EDU, Chennai",2020-10-24
India,Chennai,"Planet EDU, Chennai",2020-11-7
India,Chennai,"Planet EDU, Chennai",2020-11-21
India,Coimbatore,PeopleEnglish Coimbatore,2020-9-12
India,Coimbatore,PeopleEnglish Coimbatore,2020-9-26
India,Coimbatore,PeopleEnglish Coimbatore,2020-10-11
India,Coimbatore,PeopleEnglish Coimbatore,2020-10-24
India,Coimbatore,PeopleEnglish Coimbatore,2020-11-7
India,Coimbatore,PeopleEnglish Coimbatore,2020-11-21
India,Coimbatore,"Planet EDU, Coimbatore",2020-9-12
India,Coimbatore,"Planet EDU, Coimbatore",2020-9-26
India,Coimbatore,"Planet EDU, Coimbatore",2020-10-11
India,Coimbatore,"Planet EDU, Coimbatore",2020-10-24
India,Coimbatore,"Planet EDU, Coimbatore",2020-11-7
India,Coimbatore,"Planet EDU, Coimbatore",2020-11-21
India,Ernakulam,Cambridge University Press India – Ernakulum,2020-8-8
India,Ernakulam,Cambridge University Press India – Ernakulum,2020-8-22
India,Ernakulam,Cambridge University Press India – Ernakulum,2020-9-12
India,Ernakulam,Cambridge University Press India – Ernakulum,2020-9-26
India,Ernakulam,Cambridge University Press India – Ernakulum,2020-10-11
India,Ernakulam,Cambridge University Press India – Ernakulum,2020-10-24
India,Hyderabad,"Planet EDU, Hyderabad",2020-9-12
India,Hyderabad,"Planet EDU, Hyderabad",2020-9-26
India,Hyderabad,"Planet EDU, Hyderabad",2020-10-11
India,Hyderabad,"Planet EDU, Hyderabad",2020-10-24
India,Hyderabad,"Planet EDU, Hyderabad",2020-11-7
India,Hyderabad,"Planet EDU, Hyderabad",2020-11-21
India,Kochi,"Planet EDU, Kochi",2020-8-8
India,Kochi,"Planet EDU, Kochi",2020-8-22
India,Kochi,"Planet EDU, Kochi",2020-9-12
India,Kochi,"Planet EDU, Kochi",2020-9-26
India,Kochi,"Planet EDU, Kochi",2020-10-11
India,Kochi,"Planet EDU, Kochi",2020-10-24
India,Kochi,Ebek Cochin,2020-8-8
India,Kochi,Ebek Cochin,2020-8-22
India,Kochi,Ebek Cochin,2020-9-12
India,Kochi,Ebek Cochin,2020-9-26
India,Kochi,Ebek Cochin,2020-10-11
India,Kochi,Ebek Cochin,2020-10-24
India,Kolkata,"Planet EDU, Kolkata",2020-9-12
India,Kolkata,"Planet EDU, Kolkata",2020-9-26
India,Kolkata,"Planet EDU, Kolkata",2020-10-11
India,Kolkata,"Planet EDU, Kolkata",2020-10-24
India,Kolkata,"Planet EDU, Kolkata",2020-11-7
India,Kolkata,"Planet EDU, Kolkata",2020-11-21
India,Kollam,Cambridge University Press India- Kollam,2020-8-8
India,Kollam,Cambridge University Press India- Kollam,2020-8-22
India,Kollam,Cambridge University Press India- Kollam,2020-9-12
India,Kollam,Cambridge University Press India- Kollam,2020-9-26
India,Kollam,Cambridge University Press India- Kollam,2020-10-11
India,Kollam,Cambridge University Press India- Kollam,2020-10-24
India,Kottayam,Ebek Kottayam,2020-8-22
India,Kottayam,Ebek Kottayam,2020-9-12
India,Kottayam,Ebek Kottayam,2020-9-26
India,Kottayam,Ebek Kottayam,2020-10-11
India,Kottayam,Ebek Kottayam,2020-10-24
India,Kottayam,Ebek Kottayam,2020-11-7
India,Mangalore,PEAR Academy Mangalore,2020-8-22
India,Mangalore,PEAR Academy Mangalore,2020-9-12
India,Mangalore,PEAR Academy Mangalore,2020-9-26
India,Mangalore,PEAR Academy Mangalore,2020-10-11
India,Mangalore,PEAR Academy Mangalore,2020-10-24
India,Mangalore,PEAR Academy Mangalore,2020-11-7
India,Mumbai,"Planet EDU, Mumbai",2020-9-12
India,Mumbai,"Planet EDU, Mumbai",2020-9-26
India,Mumbai,"Planet EDU, Mumbai",2020-10-11
India,Mumbai,"Planet EDU, Mumbai",2020-10-24
India,Mumbai,"Planet EDU, Mumbai",2020-11-7
India,Mumbai,"Planet EDU, Mumbai",2020-11-21
India,New Delhi,"Planet EDU, New Delhi",2020-9-12
India,New Delhi,"Planet EDU, New Delhi",2020-9-26
India,New Delhi,"Planet EDU, New Delhi",2020-10-11
India,New Delhi,"Planet EDU, New Delhi",2020-10-24
India,New Delhi,"Planet EDU, New Delhi",2020-11-7
India,New Delhi,"Planet EDU, New Delhi",2020-11-21
India,Thiruvananthapuram,Cambridge University Press India,2020-8-8
India,Thiruvananthapuram,Cambridge University Press India,2020-8-22
India,Thiruvananthapuram,Cambridge University Press India,2020-9-12
India,Thiruvananthapuram,Cambridge University Press India,2020-9-26
India,Thiruvananthapuram,Cambridge University Press India,2020-10-11
India,Thiruvananthapuram,Cambridge University Press India,2020-10-24
India,Thiruvananthapuram,"Planet EDU, Thiruvananthapuram",2020-9-12
India,Thiruvananthapuram,"Planet EDU, Thiruvananthapuram",2020-9-26
India,Thiruvananthapuram,"Planet EDU, Thiruvananthapuram",2020-10-11
India,Thiruvananthapuram,"Planet EDU, Thiruvananthapuram",2020-10-24
India,Thiruvananthapuram,"Planet EDU, Thiruvananthapuram",2020-11-7
India,Thiruvananthapuram,"Planet EDU, Thiruvananthapuram",2020-11-21
Indonesia,Medan,Indonesia Britain Learning and Assessment,2020-8-8
Indonesia,Medan,Indonesia Britain Learning and Assessment,2020-8-22
Indonesia,Medan,Indonesia Britain Learning and Assessment,2020-9-12
Indonesia,Medan,Indonesia Britain Learning and Assessment,2020-9-26
Indonesia,Medan,Indonesia Britain Learning and Assessment,2020-10-11
Indonesia,Medan,Indonesia Britain Learning and Assessment,2020-10-24
Ireland,Cork,"Cork English College, Cork",2020-8-8
Ireland,Cork,"Cork English College, Cork",2020-8-22
Ireland,Cork,"Cork English College, Cork",2020-9-12
Ireland,Cork,"Cork English College, Cork",2020-9-26
Ireland,Cork,"Cork English College, Cork",2020-10-11
Ireland,Cork,"Cork English College, Cork",2020-10-24
Ireland,Dublin,"Centre of English Studies, Dublin",2020-8-8
Ireland,Dublin,"Centre of English Studies, Dublin",2020-8-22
Ireland,Dublin,"Centre of English Studies, Dublin",2020-9-12
Ireland,Dublin,"Centre of English Studies, Dublin",2020-9-26
Ireland,Dublin,"Centre of English Studies, Dublin",2020-10-11
Ireland,Dublin,"Centre of English Studies, Dublin",2020-10-24
Ireland,Dublin,Exam Centre of Ireland,2020-8-8
Ireland,Dublin,Exam Centre of Ireland,2020-9-12
Ireland,Dublin,Exam Centre of Ireland,2020-9-26
Ireland,Dublin,Exam Centre of Ireland,2020-10-11
Ireland,Dublin,Exam Centre of Ireland,2020-10-24
Ireland,Dublin,Exam Centre of Ireland,2020-11-7
Ireland,Galway,"International House London, Galway, Ireland",2020-8-22
Ireland,Galway,"International House London, Galway, Ireland",2020-9-26
Ireland,Galway,"International House London, Galway, Ireland",2020-10-11
Ireland,Galway,"International House London, Galway, Ireland",2020-11-21
Ireland,Galway,"International House London, Galway, Ireland",2020-12-19
Italy,Catania,Giga International School,2020-9-12
Italy,Catania,Giga International School,2020-10-24
Italy,Catania,Giga International School,2020-12-5
Italy,Milan,Language Point,2020-8-8
Italy,Milan,Language Point,2020-8-22
Italy,Milan,Language Point,2020-9-12
Italy,Milan,Language Point,2020-9-26
Italy,Milan,Language Point,2020-10-11
Italy,Milan,Language Point,2020-10-24
Italy,Pisa,British School Pisa,2020-9-26
Italy,Pisa,British School Pisa,2020-11-7
Italy,Rome,Globally Speaking,2020-9-12
Italy,Rome,Globally Speaking,2020-10-24
Italy,Rome,Globally Speaking,2020-11-7
Italy,Rome,Globally Speaking,2020-12-5
Japan,Osaka,UK Plus Osaka,2020-8-22
Japan,Osaka,UK Plus Osaka,2020-9-26
Japan,Osaka,UK Plus Osaka,2020-10-11
Japan,Osaka,UK Plus Osaka,2020-11-7
Japan,Osaka,UK Plus Osaka,2020-12-5
Jordan,Amman,Luminus Technical University College,2020-8-8
Jordan,Amman,Luminus Technical University College,2020-8-22
Jordan,Amman,Luminus Technical University College,2020-9-12
Jordan,Amman,Luminus Technical University College,2020-9-26
Jordan,Amman,Luminus Technical University College,2020-10-11
Jordan,Amman,Luminus Technical University College,2020-10-24
Malaysia,Pulau Pinang,GPEX,2020-8-8
Malaysia,Pulau Pinang,GPEX,2020-8-22
Malaysia,Pulau Pinang,GPEX,2020-9-12
Malaysia,Pulau Pinang,GPEX,2020-9-26
Malaysia,Pulau Pinang,GPEX,2020-10-11
Malaysia,Pulau Pinang,GPEX,2020-10-24
Mexico,Mexico City,International House Mexico,2020-8-21
Mexico,Mexico City,International House Mexico,2020-9-11
Mexico,Mexico City,International House Mexico,2020-9-25
Mexico,Mexico City,International House Mexico,2020-10-10
Mexico,Mexico City,International House Mexico,2020-10-23
Mexico,Mexico City,International House Mexico,2020-11-6
Nepal,Bharatpur,Chitwan Medical College,2020-8-8
Nepal,Bharatpur,Chitwan Medical College,2020-9-12
Nepal,Bharatpur,Chitwan Medical College,2020-9-26
Nepal,Bharatpur,Chitwan Medical College,2020-10-11
Nepal,Bharatpur,Chitwan Medical College,2020-10-24
Nepal,Bharatpur,Chitwan Medical College,2020-11-7
Nepal,Kathmandu,"Universal Language & Computer Institute, Nepal",2020-8-8
Nepal,Kathmandu,"Universal Language & Computer Institute, Nepal",2020-9-12
Nepal,Kathmandu,"Universal Language & Computer Institute, Nepal",2020-9-26
Nepal,Kathmandu,"Universal Language & Computer Institute, Nepal",2020-10-11
Nepal,Kathmandu,"Universal Language & Computer Institute, Nepal",2020-10-24
Nepal,Kathmandu,"Universal Language & Computer Institute, Nepal",2020-11-7
New Caledonia,Noumea,The Noumea School of English,2020-8-22
New Caledonia,Noumea,The Noumea School of English,2020-9-26
New Caledonia,Noumea,The Noumea School of English,2020-11-7
New Zealand,Auckland,DynaSpeak,2020-8-8
New Zealand,Auckland,DynaSpeak,2020-9-12
New Zealand,Auckland,DynaSpeak,2020-9-26
New Zealand,Auckland,DynaSpeak,2020-10-11
New Zealand,Auckland,DynaSpeak,2020-10-24
New Zealand,Auckland,DynaSpeak,2020-11-7
New Zealand,Auckland,Languages International,2020-8-8
New Zealand,Auckland,Languages International,2020-9-12
New Zealand,Auckland,Languages International,2020-9-26
New Zealand,Auckland,Languages International,2020-10-11
New Zealand,Auckland,Languages International,2020-10-24
New Zealand,Auckland,Languages International,2020-11-7
New Zealand,Auckland,Massey University – Auckland,2020-8-8
New Zealand,Auckland,Massey University – Auckland,2020-9-12
New Zealand,Auckland,Massey University – Auckland,2020-9-26
New Zealand,Auckland,Massey University – Auckland,2020-10-11
New Zealand,Auckland,Massey University – Auckland,2020-10-24
New Zealand,Auckland,Massey University – Auckland,2020-11-21
New Zealand,Christchurch,Ara Institute of Canterbury,2020-8-22
New Zealand,Christchurch,Ara Institute of Canterbury,2020-9-26
New Zealand,Christchurch,Ara Institute of Canterbury,2020-10-11
New Zealand,Christchurch,Ara Institute of Canterbury,2020-11-7
New Zealand,Christchurch,Ara Institute of Canterbury,2020-12-19
New Zealand,Dunedin,University of Otago Language Centre,2020-8-8
New Zealand,Dunedin,University of Otago Language Centre,2020-10-24
New Zealand,Hamilton,Waikato Institute of Education,2020-8-8
New Zealand,Hamilton,Waikato Institute of Education,2020-9-12
New Zealand,Hamilton,Waikato Institute of Education,2020-10-24
New Zealand,Hamilton,Waikato Institute of Education,2020-11-21
New Zealand,Hamilton,Waikato Institute of Education,2020-12-5
New Zealand,Hamilton,WINTEC,2020-8-22
New Zealand,Hamilton,WINTEC,2020-9-26
New Zealand,Hamilton,WINTEC,2020-10-11
New Zealand,Hamilton,WINTEC,2020-11-7
New Zealand,Wellington,Massey University – Wellington,2020-8-8
New Zealand,Wellington,Massey University – Wellington,2020-9-12
New Zealand,Wellington,Massey University – Wellington,2020-10-11
New Zealand,Wellington,Massey University – Wellington,2020-11-21
New Zealand,Wellington,Massey University – Wellington,2020-12-5
Nigeria,Lagos,"International House Trust Assessment, Lagos",2020-9-12
Nigeria,Lagos,"International House Trust Assessment, Lagos",2020-9-26
Nigeria,Lagos,"International House Trust Assessment, Lagos",2020-10-11
Nigeria,Lagos,"International House Trust Assessment, Lagos",2020-10-24
Nigeria,Lagos,"International House Trust Assessment, Lagos",2020-11-7
Nigeria,Lagos,"International House Trust Assessment, Lagos",2020-11-21
Oman,Muscat,"Polyglot Institute, Oman",2020-9-12
Oman,Muscat,"Polyglot Institute, Oman",2020-9-26
Oman,Muscat,"Polyglot Institute, Oman",2020-10-11
Oman,Muscat,"Polyglot Institute, Oman",2020-10-24
Oman,Muscat,"Polyglot Institute, Oman",2020-11-7
Oman,Muscat,"Polyglot Institute, Oman",2020-11-21
Pakistan,Islamabad,"AEO Pakistan, Islamabad Centre",2020-8-22
Pakistan,Islamabad,"AEO Pakistan, Islamabad Centre",2020-9-12
Pakistan,Islamabad,"AEO Pakistan, Islamabad Centre",2020-9-26
Pakistan,Islamabad,"AEO Pakistan, Islamabad Centre",2020-10-11
Pakistan,Islamabad,"AEO Pakistan, Islamabad Centre",2020-10-24
Pakistan,Islamabad,"AEO Pakistan, Islamabad Centre",2020-11-7
Pakistan,Karachi,"AEO Pakistan, Karachi Centre",2020-8-22
Pakistan,Karachi,"AEO Pakistan, Karachi Centre",2020-9-12
Pakistan,Karachi,"AEO Pakistan, Karachi Centre",2020-9-26
Pakistan,Karachi,"AEO Pakistan, Karachi Centre",2020-10-11
Pakistan,Karachi,"AEO Pakistan, Karachi Centre",2020-10-24
Pakistan,Karachi,"AEO Pakistan, Karachi Centre",2020-11-7
Pakistan,Lahore,"AEO Pakistan, Lahore Centre",2020-8-22
Pakistan,Lahore,"AEO Pakistan, Lahore Centre",2020-9-12
Pakistan,Lahore,"AEO Pakistan, Lahore Centre",2020-9-26
Pakistan,Lahore,"AEO Pakistan, Lahore Centre",2020-10-11
Pakistan,Lahore,"AEO Pakistan, Lahore Centre",2020-10-24
Pakistan,Lahore,"AEO Pakistan, Lahore Centre",2020-11-7
Philippines,Baguio,ACE Testing Baguio,2020-8-8
Philippines,Baguio,ACE Testing Baguio,2020-8-22
Philippines,Baguio,ACE Testing Baguio,2020-9-12
Philippines,Baguio,ACE Testing Baguio,2020-9-26
Philippines,Baguio,ACE Testing Baguio,2020-10-11
Philippines,Baguio,ACE Testing Baguio,2020-10-24
Philippines,Cebu,ACE Testing Cebu,2020-9-12
Philippines,Cebu,ACE Testing Cebu,2020-9-26
Philippines,Cebu,ACE Testing Cebu,2020-10-11
Philippines,Cebu,ACE Testing Cebu,2020-10-24
Philippines,Cebu,ACE Testing Cebu,2020-11-7
Philippines,Cebu,ACE Testing Cebu,2020-11-21
Philippines,Cebu,Kaplan Cebu,2020-8-8
Philippines,Cebu,Kaplan Cebu,2020-9-12
Philippines,Cebu,Kaplan Cebu,2020-9-26
Philippines,Cebu,Kaplan Cebu,2020-10-11
Philippines,Cebu,Kaplan Cebu,2020-10-24
Philippines,Cebu,Kaplan Cebu,2020-11-7
Philippines,Iloilo,Kaplan Iloilo,2020-8-8
Philippines,Iloilo,Kaplan Iloilo,2020-9-12
Philippines,Iloilo,Kaplan Iloilo,2020-9-26
Philippines,Iloilo,Kaplan Iloilo,2020-10-11
Philippines,Iloilo,Kaplan Iloilo,2020-10-24
Philippines,Iloilo,Kaplan Iloilo,2020-11-7
Philippines,Makati City,ACE Testing Makati,2020-9-12
Philippines,Makati City,ACE Testing Makati,2020-9-26
Philippines,Makati City,ACE Testing Makati,2020-10-11
Philippines,Makati City,ACE Testing Makati,2020-10-24
Philippines,Makati City,ACE Testing Makati,2020-11-7
Philippines,Makati City,ACE Testing Makati,2020-11-21
Philippines,Manila,Kaplan Manila,2020-9-12
Philippines,Manila,Kaplan Manila,2020-9-26
Philippines,Manila,Kaplan Manila,2020-10-11
Philippines,Manila,Kaplan Manila,2020-10-24
Philippines,Manila,Kaplan Manila,2020-11-7
Philippines,Manila,Kaplan Manila,2020-11-21
Philippines,Quezon City,Kaplan Quezon City,2020-9-12
Philippines,Quezon City,Kaplan Quezon City,2020-9-26
Philippines,Quezon City,Kaplan Quezon City,2020-10-11
Philippines,Quezon City,Kaplan Quezon City,2020-10-24
Philippines,Quezon City,Kaplan Quezon City,2020-11-7
Philippines,Quezon City,Kaplan Quezon City,2020-11-21
Philippines,San Juan,Kaplan San Juan,2020-9-12
Philippines,San Juan,Kaplan San Juan,2020-9-26
Philippines,San Juan,Kaplan San Juan,2020-10-11
Philippines,San Juan,Kaplan San Juan,2020-10-24
Philippines,San Juan,Kaplan San Juan,2020-11-7
Philippines,San Juan,Kaplan San Juan,2020-11-21
Poland,Warsaw,"Lang LTC, Warsaw",2020-8-8
Poland,Warsaw,"Lang LTC, Warsaw",2020-8-22
Poland,Warsaw,"Lang LTC, Warsaw",2020-9-12
Poland,Warsaw,"Lang LTC, Warsaw",2020-9-26
Poland,Warsaw,"Lang LTC, Warsaw",2020-10-11
Poland,Warsaw,"Lang LTC, Warsaw",2020-10-24
Portugal,Porto,VP Formação,2020-8-8
Portugal,Porto,VP Formação,2020-8-22
Portugal,Porto,VP Formação,2020-9-12
Portugal,Porto,VP Formação,2020-9-26
Portugal,Porto,VP Formação,2020-10-11
Portugal,Porto,VP Formação,2020-10-24
Romania,Bucharest,"European Examination Center, Bucharest, Romania",2020-8-8
Romania,Bucharest,"European Examination Center, Bucharest, Romania",2020-8-22
Romania,Bucharest,"European Examination Center, Bucharest, Romania",2020-9-12
Romania,Bucharest,"European Examination Center, Bucharest, Romania",2020-9-26
Romania,Bucharest,"European Examination Center, Bucharest, Romania",2020-10-11
Romania,Bucharest,"European Examination Center, Bucharest, Romania",2020-10-24
Saudi Arabia,JeddahSaudi Arabia,"Dar Al-Hekma University, North Campus",2020-9-12
Saudi Arabia,JeddahSaudi Arabia,"Dar Al-Hekma University, North Campus",2020-9-26
Saudi Arabia,JeddahSaudi Arabia,"Dar Al-Hekma University, North Campus",2020-10-24
Saudi Arabia,JeddahSaudi Arabia,"Dar Al-Hekma University, North Campus",2020-11-7
Saudi Arabia,JeddahSaudi Arabia,"Dar Al-Hekma University, North Campus",2020-11-21
Saudi Arabia,JeddahSaudi Arabia,"Dar Al-Hekma University, North Campus",2020-12-5
Saudi Arabia,JeddahSaudi Arabia,Dar Al-Hekma University South Campus,2020-9-12
Saudi Arabia,JeddahSaudi Arabia,Dar Al-Hekma University South Campus,2020-9-26
Saudi Arabia,JeddahSaudi Arabia,Dar Al-Hekma University South Campus,2020-10-24
Saudi Arabia,JeddahSaudi Arabia,Dar Al-Hekma University South Campus,2020-11-7
Saudi Arabia,JeddahSaudi Arabia,Dar Al-Hekma University South Campus,2020-11-21
Saudi Arabia,JeddahSaudi Arabia,Dar Al-Hekma University South Campus,2020-12-5
Saudi Arabia,Riyadh,Alfaisal International Academy,2020-8-22
Saudi Arabia,Riyadh,Alfaisal International Academy,2020-9-12
Saudi Arabia,Riyadh,Alfaisal International Academy,2020-9-26
Saudi Arabia,Riyadh,Alfaisal International Academy,2020-10-11
Saudi Arabia,Riyadh,Alfaisal International Academy,2020-10-24
Saudi Arabia,Riyadh,Alfaisal International Academy,2020-11-7
Saudi Arabia,Riyadh,Alfaisal International Academy,2020-8-22
Saudi Arabia,Riyadh,Alfaisal International Academy,2020-9-12
Saudi Arabia,Riyadh,Alfaisal International Academy,2020-9-26
Saudi Arabia,Riyadh,Alfaisal International Academy,2020-10-11
Saudi Arabia,Riyadh,Alfaisal International Academy,2020-10-24
Saudi Arabia,Riyadh,Alfaisal International Academy,2020-11-7
Singapore,Singapore,"Academies Australasia, Singapore",2020-8-8
Singapore,Singapore,"Academies Australasia, Singapore",2020-8-22
Singapore,Singapore,"Academies Australasia, Singapore",2020-9-12
Singapore,Singapore,"Academies Australasia, Singapore",2020-9-26
Singapore,Singapore,"Academies Australasia, Singapore",2020-10-11
Singapore,Singapore,"Academies Australasia, Singapore",2020-10-24
Singapore,Singapore,"RELC, Singapore",2020-8-22
Singapore,Singapore,"RELC, Singapore",2020-9-12
Singapore,Singapore,"RELC, Singapore",2020-9-26
Singapore,Singapore,"RELC, Singapore",2020-11-7
Singapore,Singapore,"RELC, Singapore",2020-11-21
Singapore,Singapore,"RELC, Singapore",2020-12-5
South Africa,Cape Town,IH Cape Town Language Institute,2020-9-12
South Africa,Cape Town,IH Cape Town Language Institute,2020-9-26
South Africa,Cape Town,IH Cape Town Language Institute,2020-10-11
South Africa,Cape Town,IH Cape Town Language Institute,2020-10-24
South Africa,Cape Town,IH Cape Town Language Institute,2020-11-7
South Africa,Cape Town,IH Cape Town Language Institute,2020-11-21
South Africa,Durban,High Stakes Assessment South Africa,2020-8-8
South Africa,Durban,High Stakes Assessment South Africa,2020-8-22
South Africa,Durban,High Stakes Assessment South Africa,2020-9-12
South Africa,Durban,High Stakes Assessment South Africa,2020-9-26
South Africa,Durban,High Stakes Assessment South Africa,2020-10-11
South Africa,Durban,High Stakes Assessment South Africa,2020-10-24
South Africa,Johannesburg,International House Johannesburg,2020-8-8
South Africa,Johannesburg,International House Johannesburg,2020-8-22
South Africa,Johannesburg,International House Johannesburg,2020-9-12
South Africa,Johannesburg,International House Johannesburg,2020-9-26
South Africa,Johannesburg,International House Johannesburg,2020-10-24
South Africa,Johannesburg,International House Johannesburg,2020-11-7
South Korea,Seoul,렉시스어학원,2020-8-22
South Korea,Seoul,렉시스어학원,2020-9-26
South Korea,Seoul,렉시스어학원,2020-10-11
South Korea,Seoul,렉시스어학원,2020-11-7
South Korea,Seoul,렉시스어학원,2020-12-5
Spain,Barcelona,Exams Catalunya,2020-8-22
Spain,Barcelona,Exams Catalunya,2020-9-26
Spain,Barcelona,Exams Catalunya,2020-10-24
Spain,Barcelona,Exams Catalunya,2020-11-21
Spain,Barcelona,Exams Catalunya,2020-12-19
Spain,Granada,Exams Andalucía,2020-9-26
Spain,Granada,Exams Andalucía,2020-10-24
Spain,Granada,Exams Andalucía,2020-11-21
Spain,Granada,Exams Andalucía,2020-12-19
Spain,MadridSpain,Exams Madrid,2020-8-8
Spain,MadridSpain,Exams Madrid,2020-9-12
Spain,MadridSpain,Exams Madrid,2020-10-11
Spain,MadridSpain,Exams Madrid,2020-11-7
Spain,MadridSpain,Exams Madrid,2020-12-5
Spain,MadridSpain,Exams Madrid,2020-12-19
Spain,Santiago De Compostela,El Centro Britanico,2020-10-24
Spain,Santiago De Compostela,El Centro Britanico,2020-11-7
Spain,Santiago De Compostela,El Centro Britanico,2020-11-21
Sri Lanka,Colombo,"Australian College of Business & Technology, Colombo",2020-8-8
Sri Lanka,Colombo,"Australian College of Business & Technology, Colombo",2020-8-22
Sri Lanka,Colombo,"Australian College of Business & Technology, Colombo",2020-9-12
Sri Lanka,Colombo,"Australian College of Business & Technology, Colombo",2020-9-26
Sri Lanka,Colombo,"Australian College of Business & Technology, Colombo",2020-10-11
Sri Lanka,Colombo,"Australian College of Business & Technology, Colombo",2020-10-24
Sri Lanka,Kandy,"Australian College of Business and Technology, Kandy",2020-8-8
Sri Lanka,Kandy,"Australian College of Business and Technology, Kandy",2020-8-22
Sri Lanka,Kandy,"Australian College of Business and Technology, Kandy",2020-9-12
Sri Lanka,Kandy,"Australian College of Business and Technology, Kandy",2020-9-26
Sri Lanka,Kandy,"Australian College of Business and Technology, Kandy",2020-10-11
Sri Lanka,Kandy,"Australian College of Business and Technology, Kandy",2020-10-24
Taiwan,Taipei,"Acumen Business English Centre, Taiwan",2020-8-22
Taiwan,Taipei,"Acumen Business English Centre, Taiwan",2020-9-12
Taiwan,Taipei,"Acumen Business English Centre, Taiwan",2020-10-11
Taiwan,Taipei,"Acumen Business English Centre, Taiwan",2020-11-7
Taiwan,Taipei,"Acumen Business English Centre, Taiwan",2020-12-5
Thailand,Bangkok,AUA Language Centre,2020-8-8
Thailand,Bangkok,AUA Language Centre,2020-8-22
Thailand,Bangkok,AUA Language Centre,2020-9-12
Thailand,Bangkok,AUA Language Centre,2020-9-26
Thailand,Bangkok,AUA Language Centre,2020-10-11
Thailand,Bangkok,AUA Language Centre,2020-10-24
The Netherlands,Rotterdam,"Masterclass English Rotterdam, BV",2020-9-12
The Netherlands,Rotterdam,"Masterclass English Rotterdam, BV",2020-11-7
The Netherlands,Rotterdam,"Masterclass English Rotterdam, BV",2020-11-21
Turkey,Istanbul,British Side,2020-8-8
Turkey,Istanbul,British Side,2020-8-22
Turkey,Istanbul,British Side,2020-9-12
Turkey,Istanbul,British Side,2020-9-26
Turkey,Istanbul,British Side,2020-10-11
Turkey,Istanbul,British Side,2020-10-24
Turkey,Istanbul,Study in UK Education Council,2020-8-8
Turkey,Istanbul,Study in UK Education Council,2020-8-22
Turkey,Istanbul,Study in UK Education Council,2020-9-12
Turkey,Istanbul,Study in UK Education Council,2020-9-26
Turkey,Istanbul,Study in UK Education Council,2020-10-11
Turkey,Istanbul,Study in UK Education Council,2020-10-24
United Arab Emirates,Abu Dhabi,CERT – HCT – Abu Dhabi Men’s College,2020-8-22
United Arab Emirates,Abu Dhabi,CERT – HCT – Abu Dhabi Men’s College,2020-9-12
United Arab Emirates,Abu Dhabi,CERT – HCT – Abu Dhabi Men’s College,2020-9-26
United Arab Emirates,Abu Dhabi,CERT – HCT – Abu Dhabi Men’s College,2020-10-24
United Arab Emirates,Abu Dhabi,CERT – HCT – Abu Dhabi Men’s College,2020-11-7
United Arab Emirates,Abu Dhabi,CERT – HCT – Abu Dhabi Men’s College,2020-11-21
United Arab Emirates,Dubai,CERT – HCT – Dubai Men’s College,2020-8-22
United Arab Emirates,Dubai,CERT – HCT – Dubai Men’s College,2020-9-12
United Arab Emirates,Dubai,CERT – HCT – Dubai Men’s College,2020-9-26
United Arab Emirates,Dubai,CERT – HCT – Dubai Men’s College,2020-10-24
United Arab Emirates,Dubai,CERT – HCT – Dubai Men’s College,2020-11-7
United Arab Emirates,Dubai,CERT – HCT – Dubai Men’s College,2020-11-21
United Arab Emirates,Dubai,Polyskills Institute – International House Dubai,2020-8-8
United Arab Emirates,Dubai,Polyskills Institute – International House Dubai,2020-8-22
United Arab Emirates,Dubai,Polyskills Institute – International House Dubai,2020-9-12
United Arab Emirates,Dubai,Polyskills Institute – International House Dubai,2020-9-26
United Arab Emirates,Dubai,Polyskills Institute – International House Dubai,2020-10-11
United Arab Emirates,Dubai,Polyskills Institute – International House Dubai,2020-10-24
United Arab Emirates,Dubai,"University of Wollongong, Dubai",2020-8-8
United Arab Emirates,Dubai,"University of Wollongong, Dubai",2020-8-22
United Arab Emirates,Dubai,"University of Wollongong, Dubai",2020-9-12
United Arab Emirates,Dubai,"University of Wollongong, Dubai",2020-9-26
United Arab Emirates,Dubai,"University of Wollongong, Dubai",2020-10-11
United Arab Emirates,Dubai,"University of Wollongong, Dubai",2020-10-24
United Arab Emirates,Ras Al Khaimah,CERT – HCT – Ras Al Khaimah Men’s College,2020-9-12
United Arab Emirates,Ras Al Khaimah,CERT – HCT – Ras Al Khaimah Men’s College,2020-9-26
United Arab Emirates,Ras Al Khaimah,CERT – HCT – Ras Al Khaimah Men’s College,2020-10-24
United Arab Emirates,Ras Al Khaimah,CERT – HCT – Ras Al Khaimah Men’s College,2020-11-7
United Arab Emirates,Ras Al Khaimah,CERT – HCT – Ras Al Khaimah Men’s College,2020-11-21
United Arab Emirates,Ras Al Khaimah,CERT – HCT – Ras Al Khaimah Men’s College,2020-12-5
United Kingdom,Birmingham,"International House London, Birmingham",2020-8-8
United Kingdom,Birmingham,"International House London, Birmingham",2020-8-22
United Kingdom,Birmingham,"International House London, Birmingham",2020-9-12
United Kingdom,Birmingham,"International House London, Birmingham",2020-9-26
United Kingdom,Birmingham,"International House London, Birmingham",2020-10-11
United Kingdom,Birmingham,"International House London, Birmingham",2020-10-24
United Kingdom,Bournemouth,Anglo-Continental,2020-8-8
United Kingdom,Bournemouth,Anglo-Continental,2020-8-22
United Kingdom,Bournemouth,Anglo-Continental,2020-9-12
United Kingdom,Bournemouth,Anglo-Continental,2020-9-26
United Kingdom,Bournemouth,Anglo-Continental,2020-10-11
United Kingdom,Bournemouth,Anglo-Continental,2020-10-24
United Kingdom,Brighton,Medical English Plus,2020-8-8
United Kingdom,Brighton,Medical English Plus,2020-8-22
United Kingdom,Brighton,Medical English Plus,2020-9-12
United Kingdom,Brighton,Medical English Plus,2020-9-26
United Kingdom,Brighton,Medical English Plus,2020-10-11
United Kingdom,Brighton,Medical English Plus,2020-10-24
United Kingdom,Bristol,International House Bristol,2020-8-8
United Kingdom,Bristol,International House Bristol,2020-8-22
United Kingdom,Bristol,International House Bristol,2020-9-12
United Kingdom,Bristol,International House Bristol,2020-9-26
United Kingdom,Bristol,International House Bristol,2020-10-11
United Kingdom,Bristol,International House Bristol,2020-10-24
United Kingdom,Cambridge,"International House London, Cambridge",2020-8-8
United Kingdom,Cambridge,"International House London, Cambridge",2020-8-22
United Kingdom,Cambridge,"International House London, Cambridge",2020-9-12
United Kingdom,Cambridge,"International House London, Cambridge",2020-9-26
United Kingdom,Cambridge,"International House London, Cambridge",2020-10-11
United Kingdom,Cambridge,"International House London, Cambridge",2020-10-24
United Kingdom,Cardiff,"Celtic English Academy, Cardiff",2020-8-8
United Kingdom,Cardiff,"Celtic English Academy, Cardiff",2020-9-12
United Kingdom,Cardiff,"Celtic English Academy, Cardiff",2020-9-26
United Kingdom,Cardiff,"Celtic English Academy, Cardiff",2020-10-11
United Kingdom,Cardiff,"Celtic English Academy, Cardiff",2020-11-7
United Kingdom,Cardiff,"Celtic English Academy, Cardiff",2020-12-5
United Kingdom,Chelmsford,"International House London, Chelmsford",2020-8-22
United Kingdom,Chelmsford,"International House London, Chelmsford",2020-9-12
United Kingdom,Chelmsford,"International House London, Chelmsford",2020-10-11
United Kingdom,Chelmsford,"International House London, Chelmsford",2020-11-7
United Kingdom,Chelmsford,"International House London, Chelmsford",2020-12-5
United Kingdom,East Budleigh,Accent International,2020-8-8
United Kingdom,East Budleigh,Accent International,2020-8-22
United Kingdom,East Budleigh,Accent International,2020-9-12
United Kingdom,East Budleigh,Accent International,2020-9-26
United Kingdom,East Budleigh,Accent International,2020-10-11
United Kingdom,East Budleigh,Accent International,2020-10-24
United Kingdom,Edinburgh,"International House London, Edinburgh",2020-8-8
United Kingdom,Edinburgh,"International House London, Edinburgh",2020-9-12
United Kingdom,Edinburgh,"International House London, Edinburgh",2020-10-11
United Kingdom,Edinburgh,"International House London, Edinburgh",2020-11-21
United Kingdom,Edinburgh,"International House London, Edinburgh",2020-12-19
United Kingdom,Glasgow,"Live Language, Glasgow",2020-8-8
United Kingdom,Glasgow,"Live Language, Glasgow",2020-8-22
United Kingdom,Glasgow,"Live Language, Glasgow",2020-9-12
United Kingdom,Glasgow,"Live Language, Glasgow",2020-9-26
United Kingdom,Glasgow,"Live Language, Glasgow",2020-10-11
United Kingdom,Glasgow,"Live Language, Glasgow",2020-10-24
United Kingdom,Leeds,"Centre of English Studies, Leeds",2020-8-8
United Kingdom,Leeds,"Centre of English Studies, Leeds",2020-8-22
United Kingdom,Leeds,"Centre of English Studies, Leeds",2020-9-12
United Kingdom,Leeds,"Centre of English Studies, Leeds",2020-9-26
United Kingdom,Leeds,"Centre of English Studies, Leeds",2020-10-11
United Kingdom,Leeds,"Centre of English Studies, Leeds",2020-10-24
United Kingdom,Leicester,Leicester College,2020-9-26
United Kingdom,Leicester,Leicester College,2020-10-11
United Kingdom,Leicester,Leicester College,2020-10-24
United Kingdom,Leicester,Leicester College,2020-11-7
United Kingdom,Leicester,Leicester College,2020-11-21
United Kingdom,Leicester,Leicester College,2020-12-5
United Kingdom,London,"Ealing, Hammersmith and West London College",2020-8-8
United Kingdom,London,"Ealing, Hammersmith and West London College",2020-8-22
United Kingdom,London,"Ealing, Hammersmith and West London College",2020-9-12
United Kingdom,London,"Ealing, Hammersmith and West London College",2020-9-26
United Kingdom,London,"Ealing, Hammersmith and West London College",2020-10-24
United Kingdom,London,"Ealing, Hammersmith and West London College",2020-11-7
United Kingdom,London,Eurocentres London Central,2020-8-8
United Kingdom,London,Eurocentres London Central,2020-8-22
United Kingdom,London,Eurocentres London Central,2020-9-12
United Kingdom,London,Eurocentres London Central,2020-9-26
United Kingdom,London,Eurocentres London Central,2020-10-11
United Kingdom,London,Eurocentres London Central,2020-10-24
United Kingdom,London,International House London,2020-8-8
United Kingdom,London,International House London,2020-8-22
United Kingdom,London,International House London,2020-9-12
United Kingdom,London,International House London,2020-9-26
United Kingdom,London,International House London,2020-10-11
United Kingdom,London,International House London,2020-10-24
United Kingdom,London,The London Exam Centre,2020-8-8
United Kingdom,London,The London Exam Centre,2020-8-22
United Kingdom,London,The London Exam Centre,2020-9-12
United Kingdom,London,The London Exam Centre,2020-9-26
United Kingdom,London,The London Exam Centre,2020-10-11
United Kingdom,London,The London Exam Centre,2020-10-24
United Kingdom,Londonderry,Foyle International,2020-8-8
United Kingdom,Londonderry,Foyle International,2020-9-12
United Kingdom,Londonderry,Foyle International,2020-10-24
United Kingdom,Londonderry,Foyle International,2020-11-21
United Kingdom,Londonderry,Foyle International,2020-12-5
United Kingdom,Manchester,British Study Centres Manchester,2020-8-8
United Kingdom,Manchester,British Study Centres Manchester,2020-8-22
United Kingdom,Manchester,British Study Centres Manchester,2020-9-12
United Kingdom,Manchester,British Study Centres Manchester,2020-9-26
United Kingdom,Manchester,British Study Centres Manchester,2020-10-11
United Kingdom,Manchester,British Study Centres Manchester,2020-10-24
United Kingdom,Melton Mowbray,Students International,2020-8-8
United Kingdom,Melton Mowbray,Students International,2020-8-22
United Kingdom,Melton Mowbray,Students International,2020-9-12
United Kingdom,Melton Mowbray,Students International,2020-9-26
United Kingdom,Melton Mowbray,Students International,2020-10-11
United Kingdom,Melton Mowbray,Students International,2020-10-24
United Kingdom,Newcastle-Upon-Tyne,"International House London, Newcastle",2020-8-22
United Kingdom,Newcastle-Upon-Tyne,"International House London, Newcastle",2020-9-26
United Kingdom,Newcastle-Upon-Tyne,"International House London, Newcastle",2020-10-24
United Kingdom,Newcastle-Upon-Tyne,"International House London, Newcastle",2020-11-7
United Kingdom,Newcastle-Upon-Tyne,"International House London, Newcastle",2020-12-5
United Kingdom,Nottingham,Nottingham Language Academy,2020-8-8
United Kingdom,Nottingham,Nottingham Language Academy,2020-8-22
United Kingdom,Nottingham,Nottingham Language Academy,2020-9-12
United Kingdom,Nottingham,Nottingham Language Academy,2020-9-26
United Kingdom,Nottingham,Nottingham Language Academy,2020-10-11
United Kingdom,Nottingham,Nottingham Language Academy,2020-10-24
United Kingdom,Portsmouth,LSI Portsmouth,2020-9-12
United Kingdom,Portsmouth,LSI Portsmouth,2020-9-26
United Kingdom,Portsmouth,LSI Portsmouth,2020-10-11
United Kingdom,Portsmouth,LSI Portsmouth,2020-10-24
United Kingdom,Portsmouth,LSI Portsmouth,2020-11-7
United Kingdom,Portsmouth,LSI Portsmouth,2020-11-21
United Kingdom,Torquay- Devon,"Kaplan International English, Torquay",2020-9-26
United Kingdom,Torquay- Devon,"Kaplan International English, Torquay",2020-10-11
United Kingdom,Torquay- Devon,"Kaplan International English, Torquay",2020-10-24
United Kingdom,Torquay- Devon,"Kaplan International English, Torquay",2020-11-7
United Kingdom,Torquay- Devon,"Kaplan International English, Torquay",2020-11-21
United Kingdom,Torquay- Devon,"Kaplan International English, Torquay",2020-12-5
United Kingdom,Worcester,"Kingsway English Centre, Worcester",2020-8-22
United Kingdom,Worcester,"Kingsway English Centre, Worcester",2020-9-26
United Kingdom,Worcester,"Kingsway English Centre, Worcester",2020-10-24
United Kingdom,Worcester,"Kingsway English Centre, Worcester",2020-11-21
United Kingdom,Worcester,"Kingsway English Centre, Worcester",2020-12-5
USA,California,Oxford International Irvine,2020-8-21
USA,California,Oxford International Irvine,2020-9-11
USA,California,Oxford International Irvine,2020-9-25
USA,California,Oxford International Irvine,2020-10-10
USA,California,Oxford International Irvine,2020-10-23
USA,California,Oxford International Irvine,2020-11-6
USA,Florida,Ximedus,2020-9-11
USA,Florida,Ximedus,2020-9-25
USA,Florida,Ximedus,2020-10-10
USA,Florida,Ximedus,2020-10-23
USA,Florida,Ximedus,2020-11-6
USA,Florida,Ximedus,2020-11-20
USA,Illinois,Oxford International-CSEC Chicago,2020-9-25
USA,Illinois,Oxford International-CSEC Chicago,2020-10-10
USA,Illinois,Oxford International-CSEC Chicago,2020-10-23
USA,Illinois,Oxford International-CSEC Chicago,2020-11-6
USA,Illinois,Oxford International-CSEC Chicago,2020-11-20
USA,Illinois,Oxford International-CSEC Chicago,2020-12-04
USA,Massachusetts,Oxford International Boston,2020-8-21
USA,Massachusetts,Oxford International Boston,2020-9-11
USA,Massachusetts,Oxford International Boston,2020-9-25
USA,Massachusetts,Oxford International Boston,2020-10-10
USA,Massachusetts,Oxford International Boston,2020-10-23
USA,Massachusetts,Oxford International Boston,2020-11-6
USA,New York,Rennert International Manhattan,2020-8-7
USA,New York,Rennert International Manhattan,2020-8-21
USA,New York,Rennert International Manhattan,2020-9-11
USA,New York,Rennert International Manhattan,2020-9-25
USA,New York,Rennert International Manhattan,2020-10-10
USA,New York,Rennert International Manhattan,2020-10-23
USA,Ohio,Oxford International Columbus,2020-9-11
USA,Ohio,Oxford International Columbus,2020-9-25
USA,Ohio,Oxford International Columbus,2020-10-10
USA,Ohio,Oxford International Columbus,2020-10-23
USA,Ohio,Oxford International Columbus,2020-11-6
USA,Ohio,Oxford International Columbus,2020-11-20
USA,Oregon,Portland English Language Academy,2020-8-7
USA,Oregon,Portland English Language Academy,2020-8-21
USA,Oregon,Portland English Language Academy,2020-9-11
USA,Oregon,Portland English Language Academy,2020-9-25
USA,Oregon,Portland English Language Academy,2020-10-10
USA,Oregon,Portland English Language Academy,2020-10-23
USA,Pennsylvania,Oxford International-CSEC Philadelphia,2020-9-25
USA,Pennsylvania,Oxford International-CSEC Philadelphia,2020-10-10
USA,Pennsylvania,Oxford International-CSEC Philadelphia,2020-10-23
USA,Pennsylvania,Oxford International-CSEC Philadelphia,2020-11-6
USA,Pennsylvania,Oxford International-CSEC Philadelphia,2020-11-20
USA,Pennsylvania,Oxford International-CSEC Philadelphia,2020-12-04
USA,Pennsylvania,Oxford International Pittsburgh,2020-8-21
USA,Pennsylvania,Oxford International Pittsburgh,2020-9-11
USA,Pennsylvania,Oxford International Pittsburgh,2020-9-25
USA,Pennsylvania,Oxford International Pittsburgh,2020-10-10
USA,Pennsylvania,Oxford International Pittsburgh,2020-10-23
USA,Pennsylvania,Oxford International Pittsburgh,2020-11-6
USA,San Diego,Oxford International San Diego,2020-8-7
USA,San Diego,Oxford International San Diego,2020-8-21
USA,San Diego,Oxford International San Diego,2020-9-11
USA,San Diego,Oxford International San Diego,2020-9-25
USA,San Diego,Oxford International San Diego,2020-10-10
USA,San Diego,Oxford International San Diego,2020-10-23
Vietnam,Hue City,English Unlimited Centre,2020-8-8
Vietnam,Hue City,English Unlimited Centre,2020-8-22
Vietnam,Hue City,English Unlimited Centre,2020-9-12
Vietnam,Hue City,English Unlimited Centre,2020-9-26
Vietnam,Hue City,English Unlimited Centre,2020-10-11
Vietnam,Hue City,English Unlimited Centre,2020-10-24
